Temperature,Humidity,Soil Moisture,Soil Type,Crop Type,Nitrogen,Potassium,Phosphorus,Fertilizer
33.46,66.04,34.85,Sandy Loam,Maize,115.48,68.57,55.25,MOP
28.07,56.77,27.97,Sandy Loam,Maize,105.48,57.28,50.24,DAP
33.85,48.76,41.98,Clay,Maize,8.93,22.09,41.92,30-10-2020
20,44.15,22.71,Sandy Loam,Maize,87.59,42.7,42.94,30-10-2020
31.8,64.17,34.89,Clay Loam,Maize,117.16,65.55,59.39,MOP
15.52,44.05,10.33,Clay Loam,Maize,8.78,8.38,38.64,MOP
25.07,54.84,23.95,Loam,Maize,95.89,47.58,48.18,Urea
22.63,46.88,22.4,Clay Loam,Maize,87.28,46.59,41.32,30-10-2020
28.99,60.1,27.89,Loam,Maize,103.42,55.65,51.04,DAP
27.89,58.64,30.07,Sandy Loam,Maize,106.66,61.21,52.37,DAP
25.1,52.96,26.95,Sandy Loam,Maize,91.67,48.24,49.86,Urea
27.86,60.26,29.51,Clay Loam,Maize,101.48,59.02,51.48,DAP
23.79,48.99,24.62,Clay Loam,Maize,90.81,53.4,47.86,Urea
29.68,59.13,28.51,Loam,Maize,108.67,55.51,53.63,DAP
34.75,63.48,32.69,Loam,Maize,116.89,62.57,58.43,MOP
23.52,83,45,Clay Loam,Maize,4.61,25.24,29.42,Urea
35.63,37.62,42.53,Sandy Loam,Maize,-7.39,23.3,22.06,DAP
18.81,59.29,29.85,Loam,Maize,16.45,10.89,33.91,DAP
20.03,43.61,23.63,Loam,Maize,86.98,42.71,44.85,30-10-2020
25.02,52,23.88,Clay Loam,Maize,94.7,52.53,48.51,Urea
24.2,49.61,24.38,Clay Loam,Maize,92.51,52.64,45.21,Urea
21.48,45.2,23.57,Clay Loam,Maize,86.17,44.57,44.26,30-10-2020
16.01,84.21,33.97,Sand,Maize,6.34,22.5,44.26,MOP
21.32,41.29,21.88,Sandy Loam,Maize,87.61,44.38,40.67,30-10-2020
32.02,69.72,32.85,Sandy Loam,Maize,113.88,67.38,59.16,MOP
32.19,69.68,31.46,Sandy Loam,Maize,119.7,69.38,57.78,MOP
26.2,38.99,43.12,Sandy Loam,Maize,5.87,12.08,37.67,DAP
21.92,43.11,22.57,Sandy Loam,Maize,83.3,44.31,40.4,30-10-2020
33.15,63.74,31.63,Loam,Maize,113.13,63.49,55.96,MOP
29.56,58.71,28.59,Sandy Loam,Maize,109.36,57.17,52.05,DAP
31.03,61.44,28.11,Sandy Loam,Maize,109.24,62.47,53.97,DAP
20.31,46.34,22.11,Sandy Loam,Maize,80.68,44.1,44.26,30-10-2020
25.37,49.07,26.67,Loam,Maize,98.51,54.98,49.18,Urea
34.66,70.12,26.63,Clay,Maize,-8,26.99,41.11,DAP
29.38,61.66,29.85,Sandy Loam,Maize,105.42,61.31,51.25,DAP
18.6,50.16,34.09,Loam,Maize,9.64,6.33,19.06,DAP
22.24,69.43,25.51,Clay Loam,Maize,18,27.66,33.73,30-10-2020
22.04,41.88,23.75,Sandy Loam,Maize,84.24,41.27,44.9,30-10-2020
32.63,63.67,32.99,Loam,Maize,110.3,67.24,55.87,MOP
20.8,44.58,20.38,Clay Loam,Maize,81.59,42.37,40.1,30-10-2020
21.03,43.23,23.63,Loam,Maize,85.11,40.55,40.71,30-10-2020
27.97,62.21,27.86,Loam,Maize,105.73,60.24,52.44,DAP
26.12,49.36,25.01,Loam,Maize,97.01,47.85,46.47,Urea
23.23,47.36,20.83,Clay Loam,Maize,84.09,44.27,44.79,30-10-2020
34.6,62.89,32.91,Loam,Maize,110.16,68.49,55.95,MOP
28.15,61.99,28.85,Loam,Maize,102.73,59.96,53.21,DAP
22.28,42.6,22.7,Sandy Loam,Maize,87.39,46.18,41.03,30-10-2020
20.42,47.02,20.87,Loam,Maize,81.7,43.95,41.68,30-10-2020
35.08,36.31,46.73,Sand,Maize,-8.28,29.03,18.66,Urea
32.2,67.13,34.46,Clay Loam,Maize,110.2,65.2,55.12,MOP
25.18,49.74,27.39,Sandy Loam,Maize,95.71,54.62,47.01,Urea
21.7,40.94,23.18,Loam,Maize,88.34,42.25,42.38,30-10-2020
38.94,84.81,24.33,Clay,Maize,8.14,33.09,35.2,Urea
25.47,74.58,19.93,Clay,Maize,2.32,6.56,29.7,Urea
32.25,84.09,27.2,Clay Loam,Maize,-3.14,6.91,30.28,Urea
31.56,63.21,31.3,Clay Loam,Maize,114.29,68.03,58.75,MOP
28.21,69.65,16.02,Clay Loam,Maize,27.07,9.87,44.01,MOP
28.19,57.75,29.05,Clay Loam,Maize,106.02,61.21,52.53,DAP
31.52,68.75,33.82,Sandy Loam,Maize,112.41,63.17,59.37,MOP
26.12,50.62,26.47,Loam,Maize,98.48,47.61,45.27,Urea
24.77,49.56,23.8,Sandy Loam,Maize,90.81,48.31,46.42,Urea
28.35,55.17,28.43,Loam,Maize,104.81,62.1,53.44,DAP
25.92,52.16,24.06,Loam,Maize,99.52,51.51,46.93,Urea
28.01,43.94,19.99,Clay,Maize,-4.53,10.93,24.84,DAP
31.25,64.23,33.77,Sandy Loam,Maize,112.91,66.95,55.65,MOP
26.03,52.66,23.92,Loam,Maize,90.46,53.27,48.44,Urea
27.2,50.93,25.92,Sandy Loam,Maize,90.2,48.07,47.33,Urea
25.39,53.41,47.66,Loam,Maize,7.88,13.61,40.77,MOP
32.88,67.76,31.36,Loam,Maize,115.75,67.3,57.4,MOP
20.31,46.57,22.74,Loam,Maize,81.4,47.03,43.24,30-10-2020
21.52,47.15,22.81,Sandy Loam,Maize,87.94,46.09,44.1,30-10-2020
34.17,66.09,34.77,Loam,Maize,119.29,69.97,58.44,MOP
23.15,45.68,22.78,Sandy Loam,Maize,81.55,42.74,42.89,30-10-2020
24.34,54.78,23.87,Clay Loam,Maize,99.46,51.27,46.23,Urea
25.91,52.58,24.33,Loam,Maize,97,50.44,46.12,Urea
26.69,54.27,27.43,Sandy Loam,Maize,97.7,54.23,46.51,Urea
32.16,65.44,34.93,Sandy Loam,Maize,115.7,66.5,57.22,MOP
30.85,38.03,36.79,Loam,Maize,6.24,30.74,34.17,MOP
20.85,45.86,23.32,Clay Loam,Maize,83.25,44.62,41.18,30-10-2020
31.91,66.16,34.3,Sandy Loam,Maize,114.86,67.48,59.77,MOP
25.25,52.44,26.93,Sandy Loam,Maize,96.09,50.26,47.11,Urea
29,60.82,31.24,Clay Loam,Maize,107.93,58.09,52.54,DAP
21.45,39.92,19.89,Sandy Loam,Maize,13.33,27.84,27,MOP
21.2,42.78,21.2,Sandy Loam,Maize,89.29,45.09,42.07,30-10-2020
29.48,59.88,30.78,Loam,Maize,108.65,60.92,51.53,DAP
22.27,44.71,22.06,Clay Loam,Maize,88.72,41.84,41.48,30-10-2020
27.42,51.68,26.47,Sandy Loam,Maize,91.39,54.61,45.46,Urea
26.08,52.38,24.74,Loam,Maize,93.5,50.43,49.23,Urea
32.33,69.77,33.25,Clay Loam,Maize,110.66,65.34,55.83,MOP
37.15,45.96,39.19,Loam,Maize,27.7,18.98,27.98,MOP
37.81,64.62,19.84,Clay,Maize,22.68,7.3,29.79,MOP
22.92,42.87,22.47,Clay Loam,Maize,89.75,45.91,40.18,30-10-2020
29.55,59.28,29.8,Sandy Loam,Maize,105.57,55.18,53.87,DAP
20.28,43.08,20.36,Sandy Loam,Maize,84.42,42.91,40.69,30-10-2020
28.92,59.94,29.13,Loam,Maize,106.87,61.41,54.05,DAP
27.76,58.03,29.34,Clay Loam,Maize,109.94,55.53,53.35,DAP
33.52,66.89,31.86,Sandy Loam,Maize,116.63,65.78,56.03,MOP
23.31,42.09,22.74,Clay Loam,Maize,88.18,46.95,42.44,30-10-2020
22.7,43.31,20.09,Clay Loam,Maize,86.3,44.71,41.44,30-10-2020
26.95,62.74,43.14,Loam,Maize,-2.62,19.93,32.99,DAP
29.58,60.24,30.24,Sandy Loam,Maize,108.48,57.91,52.15,DAP
32.19,66,33.86,Sandy Loam,Maize,111.57,64.69,55.36,MOP
31.57,68.53,32.62,Loam,Maize,111.43,66.33,56.47,MOP
33.53,68.94,34.96,Sandy Loam,Maize,115.19,63.13,58.92,MOP
24.38,32.73,22.56,Clay Loam,Maize,-3.55,14.42,23.35,30-10-2020
26.04,77.73,35.97,Loam,Maize,11.75,6.9,41.47,30-10-2020
23.99,51.86,25.93,Clay Loam,Maize,98.1,52.17,49.91,Urea
31.26,69.17,31.61,Loam,Maize,112.68,69.18,56.99,MOP
23.14,40.32,20.66,Loam,Maize,80.12,40.49,44.56,30-10-2020
32.98,68.2,32.83,Sandy Loam,Maize,111.36,63.78,57.31,MOP
24.14,48.57,18.7,Clay,Maize,-0.02,34.96,31.55,MOP
33.47,68.37,32.11,Sandy Loam,Maize,114.87,64.4,55.13,MOP
30.52,55.64,31.03,Loam,Maize,105.95,59.83,51.3,DAP
21.83,43.05,21.04,Loam,Maize,82.2,47.06,42.89,30-10-2020
32.33,68.05,32.35,Clay Loam,Maize,114.29,66.64,59.93,MOP
33.38,65.85,32.42,Clay Loam,Maize,119.08,62.94,55.08,MOP
33.46,63.94,34.14,Clay Loam,Maize,111.58,66.61,55.8,MOP
26.59,53.5,26.33,Loam,Maize,90.96,50.98,48.99,Urea
31.35,67.21,33.53,Loam,Maize,114.03,63.03,58.49,MOP
33.69,66.24,34.19,Clay Loam,Maize,117.42,65.43,59.55,MOP
31.81,69.46,33.95,Sandy Loam,Maize,117.07,63.65,57.89,MOP
29.03,43.04,19.68,Loam,Maize,16.35,28.29,16.63,MOP
34.42,64.65,32.08,Clay Loam,Maize,110.27,69.69,58.02,MOP
21.5,45.1,21.4,Clay Loam,Maize,86.15,44.12,41.21,30-10-2020
28.73,56.85,30.17,Loam,Maize,108.11,59.55,53.27,DAP
33.17,68.72,32.7,Sandy Loam,Maize,110.24,67.16,57.9,MOP
23.32,45.28,22.96,Loam,Maize,89.55,41.06,41.53,30-10-2020
30.32,61.48,30.25,Sandy Loam,Maize,107.59,55.18,53.97,DAP
22.93,46.46,14.19,Loam,Maize,-7.39,19.65,38.47,Urea
33.23,65.91,32.05,Loam,Maize,114.74,64.29,56.64,MOP
25.82,54.13,25.46,Sandy Loam,Maize,99.25,52.41,47.63,Urea
26.58,50.32,25.99,Loam,Maize,96.48,53.31,47.63,Urea
24.27,50.46,24.2,Clay Loam,Maize,92.9,51.25,48.47,Urea
19.15,62.14,49.98,Sand,Maize,15.93,19.41,23.05,DAP
29.74,60.47,31.18,Loam,Maize,105.38,58.6,51.45,DAP
25.2,49.34,26.32,Loam,Maize,97.12,52.79,46.76,Urea
21.19,41.07,20.98,Loam,Maize,84.04,42,41.01,30-10-2020
31.32,63.7,33.46,Loam,Maize,116.73,65.53,55.93,MOP
30.56,60.14,29.87,Sandy Loam,Maize,104,61.16,54.47,DAP
25.63,53.81,26.95,Clay Loam,Maize,91.99,51.48,46.09,Urea
20.96,41.99,21.66,Sandy Loam,Maize,85.52,43.5,44.33,30-10-2020
28.81,60.33,28.34,Sandy Loam,Maize,108.07,55.01,52.9,DAP
17.79,88.72,47.83,Clay,Maize,-0.72,10.79,23.7,Urea
26.53,51.13,26.18,Sandy Loam,Maize,94.8,50.35,48.3,Urea
37.88,88.67,46.92,Sandy Loam,Maize,3.69,21.12,42.99,DAP
36.01,63.48,12.13,Loam,Maize,5.78,10.4,42.23,DAP
34.59,66.22,32.59,Sandy Loam,Maize,116.89,64.21,59.8,MOP
22.61,67.61,45.08,Clay Loam,Maize,-0.87,21.77,18.5,Urea
26.55,54.1,26.97,Sandy Loam,Maize,92.66,50.81,47.68,Urea
28,56.08,30.52,Loam,Maize,107.95,61.4,50.63,DAP
23.43,40.01,23.11,Loam,Maize,82.94,46.81,44.38,30-10-2020
19.71,52.29,15.88,Clay Loam,Maize,4.56,34.46,44.44,30-10-2020
26.67,52.08,27.08,Clay Loam,Maize,98.43,53.52,49.09,Urea
25.05,52.52,25.27,Loam,Maize,90.64,52.13,46.78,Urea
30.97,38.92,35.76,Sand,Maize,-5.69,6.38,16.14,DAP
28.37,57.79,30.76,Loam,Maize,102.13,57.43,53.9,DAP
31.55,66.64,33.32,Sandy Loam,Maize,113.21,67.65,59.91,MOP
34.08,67.25,34.17,Loam,Maize,116.83,64.76,56.63,MOP
21.93,45.7,23.1,Loam,Maize,85.4,47.07,43.55,30-10-2020
22.89,68.1,42.32,Clay,Maize,22.1,16.89,16.77,30-10-2020
30.96,60.59,27.52,Sandy Loam,Maize,101.64,56.09,53.03,DAP
26.91,53.98,26.18,Sandy Loam,Maize,96.96,49.18,49.27,Urea
29.83,59.8,29.2,Clay Loam,Maize,100.85,56.41,50.18,DAP
29.53,60.8,30.96,Loam,Maize,104.42,60.34,53.56,DAP
34.99,64.62,33.36,Clay Loam,Maize,117.63,69.23,58.31,MOP
28.2,57.01,30.03,Sandy Loam,Maize,105.55,61.29,51.36,DAP
29.73,57.16,29.92,Sandy Loam,Maize,105.37,58.8,54.92,DAP
37.66,40.58,28.09,Clay,Maize,4.41,18.02,22.57,30-10-2020
33.97,69.66,31.95,Clay Loam,Maize,110.08,62.74,59.49,MOP
25.03,49.7,25.52,Loam,Maize,97.66,52.09,48.17,Urea
31.18,62.45,27.81,Loam,Maize,100.19,58.03,53.45,DAP
31.72,62.97,33.04,Clay Loam,Maize,112.22,68.51,58.9,MOP
27.8,60.09,29.08,Loam,Maize,108.42,60.59,51.19,DAP
27.3,49.4,25.96,Loam,Maize,92.08,53.54,48.4,Urea
29.5,56.02,27.77,Loam,Maize,107.14,55.66,51.08,DAP
31.64,66.46,33.74,Sandy Loam,Maize,116.86,63.16,56.9,MOP
25.91,48.55,24.56,Sandy Loam,Maize,99.37,48.45,46.81,Urea
30.69,55.4,28.75,Loam,Maize,104.47,55.71,53.12,DAP
31.2,61.29,28.68,Sandy Loam,Maize,102.37,59.37,52.09,DAP
27.35,65.84,40.71,Loam,Maize,19.56,5.82,33.79,30-10-2020
23.02,42.12,23.51,Sandy Loam,Maize,85.6,44.51,41.22,30-10-2020
25.1,75.32,20.3,Loam,Maize,-1.55,25.99,39.09,MOP
27.12,48.59,25.83,Sandy Loam,Maize,97.61,49.76,48.79,Urea
15.35,39.91,11.99,Clay Loam,Maize,8.48,16.13,40.62,30-10-2020
26.22,50.31,24.39,Sandy Loam,Maize,91.04,49.74,48.45,Urea
27.01,50.29,26.96,Clay Loam,Maize,98.35,51.89,46.44,Urea
30.71,57.09,28.52,Sandy Loam,Maize,103.13,57.08,50.69,DAP
29.9,57.62,29.86,Sandy Loam,Maize,106.65,62.45,51.77,DAP
20.22,44.39,20.59,Clay Loam,Maize,83.57,41.48,40.47,30-10-2020
32.79,67.81,31.97,Loam,Maize,114.87,66.35,57.93,MOP
28.1,61.72,30.17,Loam,Maize,103,59.06,51.13,DAP
26.91,48.21,29.2,Loam,Maize,10.81,31.21,22.04,30-10-2020
20.06,45.74,23.55,Sandy Loam,Maize,84.49,41.97,43.14,30-10-2020
30.26,61.87,30.4,Clay Loam,Maize,107.21,62.45,52.14,DAP
33.75,68.26,33.21,Sandy Loam,Maize,117.66,66.81,58,MOP
30.23,60.92,27.51,Clay Loam,Maize,104.43,61.57,52.29,DAP
27.36,52.73,24.51,Sandy Loam,Maize,98.28,53.21,48.84,Urea
34.11,64.16,34.13,Sandy Loam,Maize,113.58,67.08,57.39,MOP
27.35,54.41,25.9,Clay Loam,Maize,96.58,54.13,47.68,Urea
33.84,52.56,27.85,Loam,Maize,3.85,11.91,33.05,DAP
22.78,41.51,20.5,Loam,Maize,80.29,40.87,40.49,30-10-2020
31.14,57.4,28.27,Clay Loam,Maize,106.32,60.38,50.49,DAP
23.73,44.21,45.5,Clay,Maize,1.43,17.08,44.44,MOP
19.67,68.76,41.06,Clay Loam,Maize,-6.95,9.75,44.03,DAP
15.31,74.44,48.93,Sandy Loam,Maize,2.04,6.25,39.27,MOP
23.77,48.22,25.29,Loam,Maize,91.82,50.25,46.84,Urea
23.72,55.25,36.72,Sandy Loam,Maize,15.6,14.35,44.02,MOP
36.7,57.54,42.34,Clay Loam,Maize,13.81,13.36,41.42,30-10-2020
20.1,45.76,20.69,Loam,Maize,80.46,41.52,41.14,30-10-2020
22.3,72.01,26.91,Clay Loam,Maize,26.27,24.57,21.14,DAP
26.14,54.94,24.28,Sandy Loam,Maize,90.08,52.97,46.4,Urea
20.92,45.6,22.51,Sandy Loam,Maize,85.78,45.55,40.23,30-10-2020
20.35,42.77,23.27,Sandy Loam,Maize,80.29,40.97,42.47,30-10-2020
20.84,42.52,21.04,Sandy Loam,Maize,87.69,43.77,41.66,30-10-2020
22.4,85.32,13.91,Sandy Loam,Maize,9.14,20.86,15.65,Urea
32.46,63.69,33.13,Clay Loam,Maize,112.39,68.06,55.3,MOP
27.89,58.38,31.12,Loam,Maize,107.9,57.34,53.58,DAP
22.08,43.88,21.65,Sandy Loam,Maize,81.57,45.19,44.26,30-10-2020
33.75,71.74,32.71,Clay Loam,Maize,23.66,29.73,22.02,DAP
18.95,36.7,16.21,Clay,Maize,-0.67,8.47,39.06,Urea
33.19,67.21,34.02,Loam,Maize,113.07,65.21,55.66,MOP
30.39,61.4,27.66,Loam,Maize,101.36,59.11,53.39,DAP
21.62,45.67,22.86,Loam,Maize,89.49,45.55,40.65,30-10-2020
23.94,53.51,26.08,Clay Loam,Maize,98.88,53.98,45.22,Urea
33.68,65.81,34.16,Loam,Maize,117.2,65.79,59.43,MOP
28.19,42.1,39.22,Sand,Maize,23.86,34.62,39,MOP
26.68,52.87,25.66,Clay Loam,Maize,93.16,54.28,49.5,Urea
15.04,75.29,12.25,Clay Loam,Maize,-5.66,7.2,25.42,Urea
22.33,43.76,21.5,Loam,Maize,89.73,45.27,40.95,30-10-2020
22.84,69.39,10.98,Loam,Maize,-4.98,18.66,21.46,DAP
32.53,77.72,11.05,Sandy Loam,Maize,26.11,9.69,33.36,Urea
32.75,62.91,33.76,Clay Loam,Maize,110.07,69.18,56.36,MOP
30.14,55.85,28.54,Sandy Loam,Maize,107.71,61.75,54.36,DAP
33.68,63.11,31.43,Loam,Maize,111.58,67.75,56.43,MOP
30.37,56.81,31.24,Loam,Maize,102.45,60.45,50.46,DAP
31.89,64.59,34.56,Clay Loam,Maize,119.25,68.47,56.27,MOP
24.64,54.9,24.82,Sandy Loam,Maize,93.82,51.57,49.61,Urea
26.24,48.76,27.16,Clay Loam,Maize,95.01,52.74,47.49,Urea
33.75,77.77,45.83,Clay,Maize,19.56,12.65,32.98,DAP
22.19,40.17,22.41,Clay Loam,Maize,87.93,44.41,43.12,30-10-2020
29.66,60.45,30.39,Sandy Loam,Maize,103.07,61.34,54.71,DAP
25.31,50.57,26.66,Sandy Loam,Maize,97.27,53.93,45.84,Urea
29.08,58.25,28.62,Loam,Maize,103.51,58.72,53.22,DAP
24.82,48.8,24.68,Sandy Loam,Maize,92.87,52.82,48.96,Urea
32.09,63.63,34.69,Clay Loam,Maize,110.87,62.66,56.35,MOP
29.29,57.92,27.86,Sandy Loam,Maize,107.07,61.9,53.39,DAP
23.25,47.2,21.11,Loam,Maize,87.51,44.15,40.61,30-10-2020
29.01,57.38,30.45,Sandy Loam,Maize,101.63,57.65,50.19,DAP
22.88,37.37,35.51,Clay,Maize,18.32,33.57,23.67,Urea
24.48,52.73,26.64,Loam,Maize,93.92,53,49.01,Urea
29.12,58.46,30.71,Sandy Loam,Maize,100.55,58.9,50.91,DAP
26.83,48.86,27.47,Loam,Maize,96.79,51.29,45.2,Urea
23.38,43.49,20.37,Sandy Loam,Maize,82.48,41.27,40.51,30-10-2020
36.7,77.45,34.12,Sand,Maize,26.49,26.68,31.26,MOP
33.11,64.01,34.19,Loam,Maize,110.48,67.34,58.1,MOP
23.45,46.62,20.09,Sandy Loam,Maize,83.1,46.49,40.34,30-10-2020
21.3,46.63,22.54,Sandy Loam,Maize,82.4,45.57,40.11,30-10-2020
32.71,69.87,45.95,Clay,Maize,7.92,19.85,35,MOP
22.19,47.22,20.4,Sandy Loam,Maize,87.8,42.15,41.08,30-10-2020
34.71,69.53,32.83,Clay Loam,Maize,112.35,65.04,55.44,MOP
29.04,56.06,28.32,Loam,Maize,104.73,61.3,53.9,DAP
31.89,62.62,32.7,Sandy Loam,Maize,111.68,62.62,57.17,MOP
32.72,66.89,31.38,Loam,Maize,118.41,67.76,58.16,MOP
33.17,67.11,32.88,Loam,Maize,111.08,67.78,59.42,MOP
26.98,54.21,25.98,Sandy Loam,Maize,91.55,54.15,49.61,Urea
20.63,45.22,21.44,Sandy Loam,Maize,81.71,42.07,44.71,30-10-2020
28.38,61.11,29.88,Loam,Maize,103.69,59.94,53.63,DAP
33.29,62.73,34.46,Loam,Maize,112.64,62.88,59.45,MOP
23.03,46.42,23.11,Clay Loam,Maize,88.03,45.55,42.48,30-10-2020
30.84,58.66,27.85,Sandy Loam,Maize,109.89,55.86,51.56,DAP
26.16,48.3,26.8,Loam,Maize,92.88,50.14,45.18,Urea
22.41,40.73,23.03,Clay Loam,Maize,86.45,41.76,41.53,30-10-2020
26.3,47.57,25.68,Clay Loam,Maize,93.84,53.47,47.87,Urea
26.87,53.4,23.92,Loam,Maize,98.98,47.79,46.27,Urea
20.99,46.57,22.75,Sandy Loam,Maize,88.52,43.12,44.39,30-10-2020
25.92,51,26.02,Sandy Loam,Maize,92.62,50.72,46.81,Urea
39.07,77.41,36.49,Clay,Maize,4.5,21.08,33.34,30-10-2020
23.3,40.78,20.06,Loam,Maize,84.19,46.81,44.07,30-10-2020
25.25,51.01,24.19,Sandy Loam,Maize,92.1,49.65,46.57,Urea
23.2,41.93,22.29,Clay Loam,Maize,81.46,46.76,44.37,30-10-2020
28.96,58.95,29.27,Clay Loam,Maize,109.37,61.77,52.94,DAP
21.2,43.17,22.91,Clay Loam,Maize,87.17,46.16,40.88,30-10-2020
32.17,38.68,25.23,Loam,Maize,-0.04,25.8,39.03,30-10-2020
33.38,64.66,32.49,Clay Loam,Maize,117.54,64.05,55.82,MOP
27.19,49.66,25.73,Sandy Loam,Maize,97.15,50.94,47.01,Urea
30.17,61.98,28.26,Loam,Maize,100.49,58.68,54,DAP
27.18,48.88,25.86,Sandy Loam,Maize,94.54,53.43,48.66,Urea
22.98,41.65,22.79,Clay Loam,Maize,83.73,41.69,43.3,30-10-2020
28.68,61.52,30.39,Loam,Maize,102.95,62.02,51.67,DAP
30.48,62.09,31.18,Loam,Maize,108.13,60.58,54.7,DAP
32.81,63.53,34.14,Clay Loam,Maize,117.42,66.77,56.78,MOP
22.71,44.43,23.37,Sandy Loam,Maize,86.18,40.66,43.74,30-10-2020
29.95,58.54,28.42,Clay Loam,Maize,109.21,58.1,50.52,DAP
23.99,48.73,24.33,Clay Loam,Maize,91.89,51.63,48.11,Urea
29.08,60.78,29.84,Clay Loam,Maize,101.04,59,53.53,DAP
25.01,54.16,25.89,Sandy Loam,Maize,95.02,48.73,48.54,Urea
22.47,45.7,22.33,Loam,Maize,86.94,43.01,43.82,30-10-2020
27.45,51.55,26.08,Loam,Maize,94.26,51.24,47.32,Urea
33.83,67.53,34.89,Sandy Loam,Maize,111.07,64.05,58.17,MOP
23.38,46.81,21.39,Clay Loam,Maize,85.42,42.9,41.36,30-10-2020
32.39,63.71,33.87,Loam,Maize,85.4,49.63,39.31,MOP
26.03,48.33,27,Clay Loam,Maize,69.92,36.2,32.5,Urea
31.68,68.25,32.44,Sandy Loam,Maize,86.61,49.84,39.13,MOP
23.77,51.62,24.5,Loam,Maize,68.64,38.25,34.12,Urea
21.87,45.41,20.64,Clay Loam,Maize,60.6,34.42,30.92,25-10-2015
28.22,73.53,24.66,Clay Loam,Maize,-5.91,10.75,21.76,Urea
34.84,63.99,34.54,Sandy Loam,Maize,89.69,45.08,39.86,MOP
34.36,64.46,32.84,Clay Loam,Maize,85.16,45.96,38.92,MOP
34.51,66.78,31.33,Sandy Loam,Maize,87.25,48.55,39.06,MOP
31.08,60.95,31.11,Clay Loam,Maize,78.3,44.23,36.26,DAP
30.99,60.5,30.6,Sandy Loam,Maize,75.31,42.94,36.2,DAP
33.57,54.53,23.84,Loam,Maize,12.45,13.55,38.34,Urea
34.54,66.33,32.36,Sandy Loam,Maize,83.52,45.9,39.12,MOP
29.88,58.64,29.95,Loam,Maize,81.87,40.29,35.79,DAP
30.81,59.92,30.55,Loam,Maize,75.6,40.43,37.2,DAP
32.85,68.44,31.72,Clay Loam,Maize,87.19,49.51,37.91,MOP
27.27,48.58,26.89,Loam,Maize,72.74,39.36,33.59,Urea
21.54,44.16,23.1,Loam,Maize,66.4,31.61,30.84,25-10-2015
32.55,65.68,34.78,Sandy Loam,Maize,84.32,49.61,39.66,MOP
26.06,48.65,26.65,Sandy Loam,Maize,67.63,38.68,32.84,Urea
24.53,52.11,26.73,Sandy Loam,Maize,68.88,36.5,33.81,Urea
32.36,68.56,34.75,Clay Loam,Maize,89.89,45.9,39.2,MOP
32.47,68.01,32.38,Sandy Loam,Maize,86.13,45.91,38.93,MOP
27.76,57.52,31.24,Loam,Maize,77.67,44.57,36.77,DAP
31.16,57.11,28.07,Clay Loam,Maize,79.29,40.03,36.73,DAP
29.79,61.94,30.26,Clay Loam,Maize,77.01,42.05,36.95,DAP
22.84,42.62,22.33,Sandy Loam,Maize,63.21,32.28,31.88,25-10-2015
32.26,66.39,33.45,Sandy Loam,Maize,87.27,45.86,39.7,MOP
25.78,48.82,27.38,Clay Loam,Maize,70.48,36.37,34.94,Urea
29.65,58.38,29.19,Clay Loam,Maize,75.82,40.83,35.49,DAP
22.88,40.05,22.69,Loam,Maize,62.76,34.49,30.58,25-10-2015
26.3,53.01,26.34,Loam,Maize,73.96,39.45,34.96,Urea
18.38,68.94,38.64,Clay Loam,Maize,15.31,27.13,24.44,MOP
26.44,51.79,26.43,Sandy Loam,Maize,70.27,35.16,34.39,Urea
27.21,49.04,24.83,Clay Loam,Maize,73.43,35.75,34.62,Urea
26.27,54.92,25.42,Clay Loam,Maize,74.9,35.19,34.36,Urea
23.79,48.21,24.16,Sandy Loam,Maize,70.81,35.44,33.07,Urea
31.23,57.65,30.39,Clay Loam,Maize,76.27,43.38,35.91,DAP
31.09,61.39,28.28,Sandy Loam,Maize,81.63,44.42,36.68,DAP
26.34,47.69,26.04,Clay Loam,Maize,68.74,37.25,32.72,Urea
22.91,45.74,22.49,Clay Loam,Maize,65.95,31.94,31.11,25-10-2015
23.22,41.72,21.1,Sandy Loam,Maize,60.23,31.31,32.01,25-10-2015
29.66,55.75,30.42,Loam,Maize,78.66,43.7,36.02,DAP
31.78,68.71,31.75,Sandy Loam,Maize,84.09,46.31,38.98,MOP
34.11,63.78,34.55,Loam,Maize,85.78,45.77,39.86,MOP
26.08,31.71,33.78,Loam,Maize,-4.48,26.17,30.13,DAP
32.39,64.76,34.84,Sandy Loam,Maize,84.78,47.44,38.42,MOP
32.53,68.9,31.91,Clay Loam,Maize,87.48,47.25,39.73,MOP
34.44,64.87,32.64,Loam,Maize,89.41,47.21,38.85,MOP
27.99,61.34,28.9,Sandy Loam,Maize,81.1,40.29,35.53,DAP
27.61,58.75,29.35,Sandy Loam,Maize,81.54,41.05,35.32,DAP
21.65,40.84,22,Sandy Loam,Maize,60.35,33.36,31.09,25-10-2015
21.98,46.32,22.73,Loam,Maize,60.04,31.62,30.57,25-10-2015
17.65,30.57,48.5,Sandy Loam,Maize,13.14,27.08,19.19,DAP
23.67,40.42,22.47,Sandy Loam,Maize,60.1,33.87,32.4,25-10-2015
24.69,51.06,25.93,Clay Loam,Maize,68.51,37.85,33.07,Urea
37.57,57.39,49.59,Loam,Maize,19.08,23.38,36.99,MOP
25.88,54.23,27.2,Sandy Loam,Maize,73.76,35.86,34.37,Urea
24.39,54.72,25.28,Loam,Maize,70.67,37.65,34.49,Urea
33.22,67.73,34.06,Clay Loam,Maize,84.91,46.76,37.7,MOP
25.94,49.36,25.31,Loam,Maize,71.37,36.54,32.89,Urea
17.03,80.37,15.59,Loam,Maize,9.39,6.02,43.55,DAP
24.72,76.54,27.76,Sandy Loam,Maize,23.58,31.81,42.35,MOP
29.7,60.72,28.52,Sandy Loam,Maize,81.56,41.97,36.74,DAP
26.45,48.29,24.74,Sandy Loam,Maize,71.9,37.4,33.35,Urea
24.65,51.27,27.09,Clay Loam,Maize,73.82,36.69,33.85,Urea
22.14,43.47,21.99,Clay Loam,Maize,61.31,33.35,31.55,25-10-2015
33.3,62.8,31.73,Clay Loam,Maize,84.23,45.85,38.82,MOP
30.87,59.88,29.39,Sandy Loam,Maize,81.45,43.16,36.55,DAP
20.03,42.8,23.37,Clay Loam,Maize,67.09,32.44,31.45,25-10-2015
33.27,66.58,33.65,Sandy Loam,Maize,84.82,46.62,37.79,MOP
33.08,79.98,35.2,Clay,Maize,19.5,21.79,36.79,MOP
25.22,51.05,26.03,Sandy Loam,Maize,73.33,36.76,32.95,Urea
31.19,61.92,30.54,Sandy Loam,Maize,79.73,44.04,37.47,DAP
25.85,51.76,24.73,Sandy Loam,Maize,70.91,36.43,33.61,Urea
18.98,69.36,23.81,Sandy Loam,Maize,2.12,12.23,23.27,Urea
32.18,66.56,34.15,Loam,Maize,88.09,49.41,37.51,MOP
39.91,37.54,33.08,Clay Loam,Maize,14.06,18.18,16.46,DAP
32.47,66.2,34.69,Clay Loam,Maize,88.34,49.06,38.46,MOP
24.08,51.53,24.79,Sandy Loam,Maize,75,37.56,33.68,Urea
28.91,61.14,29.1,Sandy Loam,Maize,81.65,42.5,35.89,DAP
23.25,44.54,22.32,Clay Loam,Maize,66.62,31.32,31.64,25-10-2015
23.49,40.08,21.06,Loam,Maize,63.12,30.94,31.87,25-10-2015
34.6,35.08,35.64,Clay Loam,Maize,16.02,31.26,28.66,Urea
27.48,89.32,19.88,Clay,Maize,2.52,5.79,33.75,25-10-2015
29.58,56.71,30.44,Loam,Maize,78.64,42.08,35.53,DAP
21.66,46.27,20.38,Clay Loam,Maize,63.21,31.49,32.43,25-10-2015
32.94,48.59,48.49,Sand,Maize,25.46,6.69,44.86,Urea
29.93,60.32,27.94,Sandy Loam,Maize,82.18,40.6,35.89,DAP
36.43,89.95,15.66,Sandy Loam,Maize,-8.62,9.83,16.55,DAP
33.51,65.06,33.89,Loam,Maize,85.14,49.56,39.68,MOP
31.99,66.85,33.32,Clay Loam,Maize,84.06,46.16,38.66,MOP
32.88,67.94,32.64,Clay Loam,Maize,89.61,48.71,38.27,MOP
15.93,45.13,47.19,Sandy Loam,Maize,27.8,23.52,44.92,25-10-2015
34.99,68.42,33.98,Sandy Loam,Maize,88.6,47.29,38.64,MOP
31.9,67.65,33.46,Sandy Loam,Maize,86.56,48.27,38.62,MOP
22.39,77.18,38.67,Sand,Maize,25.41,23.45,19.17,25-10-2015
38.52,31.69,35.43,Sandy Loam,Maize,1.34,16.99,20.25,Urea
34.24,68.19,34.62,Sandy Loam,Maize,86.83,48.18,39.41,MOP
29.47,60.01,29.7,Loam,Maize,79.83,43.69,37.11,DAP
23.76,50.37,25.14,Sandy Loam,Maize,72.14,37.11,33.5,Urea
23.78,53.32,24.28,Clay Loam,Maize,71.61,37.93,33.79,Urea
25.33,50.31,24.19,Loam,Maize,69.76,37.21,32.58,Urea
29.56,61.79,27.88,Loam,Maize,78,40.3,36.08,DAP
30.55,60.14,29.33,Clay Loam,Maize,76.66,40.81,35.25,DAP
20.11,41.77,41.42,Loam,Maize,24.18,23.48,44.84,Urea
29.75,59.29,29.06,Sandy Loam,Maize,80.09,42.25,36.07,DAP
33.51,67.92,34.5,Clay Loam,Maize,84.24,49.58,37.57,MOP
25.38,48.04,23.98,Sandy Loam,Maize,71.79,36.92,34.43,Urea
34.07,67.53,32.23,Loam,Maize,85.27,45.44,38.1,MOP
32.17,64.03,33.77,Sandy Loam,Maize,85.85,45.05,39.43,MOP
22.64,85.74,45.79,Sandy Loam,Maize,28.66,21.77,33.7,Urea
23.97,50.4,25.24,Loam,Maize,71.12,37.03,34.84,Urea
26.74,53.39,24.27,Sandy Loam,Maize,69.07,35.76,33.18,Urea
21.1,45.25,21.35,Sandy Loam,Maize,61.07,30.14,31.52,25-10-2015
32.9,65.21,32.61,Clay Loam,Maize,86.71,45.2,39.75,MOP
28.24,56.57,27.62,Loam,Maize,79.37,43.62,35.8,DAP
23.7,45.76,20.29,Sandy Loam,Maize,62.91,30.76,32.03,25-10-2015
22.47,41.17,23.43,Sandy Loam,Maize,62.99,32.31,31.09,25-10-2015
29.16,58.5,30.7,Sandy Loam,Maize,76.21,40.56,37.48,DAP
20.4,32.71,42.83,Sand,Maize,18.86,27.77,31.17,DAP
27.78,55.91,31.22,Clay Loam,Maize,76.48,41.79,35.51,DAP
27.52,55.3,28.41,Clay Loam,Maize,80.27,40.99,35.88,DAP
37.2,45.85,13.79,Clay Loam,Maize,1.3,32.45,31.31,Urea
33.43,66.92,32.56,Loam,Maize,88.15,47.43,39.76,MOP
26.2,47.62,26.53,Loam,Maize,71.64,38.43,34.36,Urea
28.27,59.56,28.44,Sandy Loam,Maize,78.11,41.29,36.83,DAP
24.58,54.6,26.21,Sandy Loam,Maize,67.53,37.41,34.09,Urea
23.22,43.85,20.27,Clay Loam,Maize,64.99,32.18,31.72,25-10-2015
28.28,58.44,30.81,Clay Loam,Maize,81.13,42.91,35.16,DAP
32.45,68.53,33.89,Sandy Loam,Maize,85.19,47.4,37.93,MOP
20.41,41.05,20.57,Clay Loam,Maize,67.4,32.05,30.02,25-10-2015
28.76,60.6,28.07,Loam,Maize,75.96,40.02,35.04,DAP
39.33,43.33,34.76,Clay,Maize,-5.46,7.21,33.04,Urea
32.16,66.49,31.94,Clay Loam,Maize,87.76,48.19,39.15,MOP
29.1,59.7,27.78,Loam,Maize,77.78,40.04,37.31,DAP
26.01,52.42,25.36,Loam,Maize,74.09,36.18,33.1,Urea
31.71,68.98,34.87,Clay Loam,Maize,89.14,48.51,39.39,MOP
22.86,43.63,21.35,Sandy Loam,Maize,65.09,33.45,30.43,25-10-2015
23.18,40.94,22.52,Loam,Maize,65.47,33.47,32.24,25-10-2015
26.87,54.74,24.76,Loam,Maize,70.82,39.72,34.85,Urea
26.74,50.91,24.41,Loam,Maize,68.28,35.06,34.63,Urea
28.59,30.13,20.18,Clay Loam,Maize,3.64,24.56,15.91,MOP
16.08,83.88,21.86,Sandy Loam,Maize,21.34,29.81,36.21,25-10-2015
22.11,45.34,21.78,Sandy Loam,Maize,60.79,32.35,30.98,25-10-2015
25.97,47.61,24.73,Clay Loam,Maize,74.94,38.3,33.47,Urea
34.63,62.85,31.98,Clay Loam,Maize,83.42,49.71,37.66,MOP
33.49,64.87,31.67,Clay Loam,Maize,88.39,48.12,39,MOP
22.27,44.06,22.37,Sandy Loam,Maize,64.43,30.38,30.23,25-10-2015
23.47,45.73,20.92,Sandy Loam,Maize,67.15,34.53,31.71,25-10-2015
25.02,53.76,18.43,Sandy Loam,Maize,8.97,17.01,41.75,25-10-2015
18.39,70.17,11.57,Sand,Maize,20.82,16.42,32.54,MOP
27.08,49.79,25.12,Sandy Loam,Maize,73.62,38.26,33.59,Urea
33.66,65.69,34.84,Sandy Loam,Maize,87.76,46.16,37.67,MOP
29.94,59.55,30.88,Clay Loam,Maize,75.34,41.05,36.71,DAP
26.29,54.56,25.02,Sandy Loam,Maize,71.84,35.82,34.58,Urea
22.95,67.47,30.11,Clay Loam,Maize,14.93,21.91,18.92,MOP
30.1,61.12,29.57,Sandy Loam,Maize,77.9,42.57,35.39,DAP
29.97,61.09,28.38,Sandy Loam,Maize,82.25,41.01,36.82,DAP
20.34,43.02,20.85,Sandy Loam,Maize,64.41,30.38,32.45,25-10-2015
33.68,67.07,33.41,Loam,Maize,83.89,47.64,37.67,MOP
29.69,58.03,28.75,Sandy Loam,Maize,81.64,44.35,37.32,DAP
29.04,55.48,30.36,Loam,Maize,77.1,40.16,36.5,DAP
33.89,60.68,20.07,Sand,Maize,-0.17,26.84,41.98,DAP
32.76,69.87,32.71,Sandy Loam,Maize,83.87,47.31,39.14,MOP
29.33,38.86,37.44,Sandy Loam,Maize,-4.47,8.95,41.3,MOP
31.64,75.07,17.33,Clay Loam,Maize,24.69,15.76,39.27,25-10-2015
30.92,55.82,27.55,Loam,Maize,82,44.83,35.62,DAP
28.61,57.19,30.42,Clay Loam,Maize,80.14,40.06,35.05,DAP
25.71,36.09,18.9,Clay Loam,Maize,-7.84,28.67,37.02,Urea
26.36,50.43,26.32,Clay Loam,Maize,73.36,35.12,34.78,Urea
22.46,41.4,22.41,Sandy Loam,Maize,60.58,32.17,30.21,25-10-2015
33.59,68.53,34.64,Sandy Loam,Maize,82.93,48.31,38.87,MOP
38.18,65.38,23.65,Loam,Maize,28.27,30.86,29.99,Urea
27.48,53.75,25.16,Clay Loam,Maize,73.32,36.04,32.98,Urea
22.64,43.46,21.77,Loam,Maize,63.9,34.59,30.4,25-10-2015
35.29,43.05,42.89,Clay Loam,Maize,21.2,24.88,32.64,MOP
20.97,46.79,20.7,Sandy Loam,Maize,65.06,33.81,30.41,25-10-2015
33.26,57.8,40.37,Sand,Maize,7.8,31.42,40.96,25-10-2015
38.72,62.42,49.4,Clay,Maize,15.91,21.33,30.51,DAP
29.09,58.12,30.18,Clay Loam,Maize,76.79,44.47,37.31,DAP
29.28,58.92,30.58,Sandy Loam,Maize,75.7,41.61,37.17,DAP
26.86,50.34,27.35,Loam,Maize,74.79,39.22,34.29,Urea
29.35,57.58,29.54,Loam,Maize,79.92,42.67,37.2,DAP
26.11,53.02,24.28,Clay Loam,Maize,73.25,37.31,34.16,Urea
18.65,64.25,45.75,Clay Loam,Maize,27.13,14.01,21.2,DAP
34.8,65.11,33.16,Loam,Maize,88.38,46.09,38.8,MOP
23.44,45.91,23.16,Loam,Maize,62.38,30.15,32.35,25-10-2015
23.71,44.53,23.33,Loam,Maize,60.06,31.14,31.86,25-10-2015
28.51,55.86,30.92,Loam,Maize,80.58,42.47,36.24,DAP
24.53,54.11,25.75,Sandy Loam,Maize,71.65,37.64,34.39,Urea
28.04,60.69,29.65,Loam,Maize,77.8,40.72,35.11,DAP
22.45,45.52,22.38,Loam,Maize,61.83,32.4,30.61,25-10-2015
28.93,58.78,30.97,Loam,Maize,79.81,41.92,35.11,DAP
27.85,59.09,30.43,Loam,Maize,80.22,42.79,36.94,DAP
23.25,41.73,22.81,Clay Loam,Maize,62.22,34.92,30.26,25-10-2015
25.75,53.49,25.69,Loam,Maize,71.05,35.15,33.23,Urea
24.32,49.4,26.97,Loam,Maize,67.61,37.47,34.3,Urea
22.79,43.45,22.73,Clay Loam,Maize,61.07,34.04,31.24,25-10-2015
28.21,60.29,27.78,Loam,Maize,76.68,41.51,35.64,DAP
28.04,60.33,29.95,Sandy Loam,Maize,81.28,41.05,35.4,DAP
27.04,73.04,49.04,Clay,Maize,5.25,28.7,38.91,DAP
22.71,43.96,23.02,Clay Loam,Maize,63.8,33.03,31.62,25-10-2015
28.77,59.81,29.62,Loam,Maize,77.99,40.44,37.07,DAP
20.66,79.31,22.3,Sand,Maize,21.01,24.93,44.5,25-10-2015
22.97,40.57,21.84,Clay Loam,Maize,66.95,31.57,30.61,25-10-2015
24.94,50.37,25.15,Sandy Loam,Maize,69.21,36.46,33.8,Urea
20.35,41.94,23.28,Sandy Loam,Maize,65.79,30.06,32.24,25-10-2015
20.74,46.85,23.52,Clay Loam,Maize,65.47,31.44,32.23,25-10-2015
20.66,47.37,21.1,Sandy Loam,Maize,60.32,32.95,31.73,25-10-2015
20.11,47.24,23.12,Sandy Loam,Maize,63.26,30.58,32.39,25-10-2015
21.45,44.03,23.73,Loam,Maize,62.68,33.27,30,25-10-2015
21.88,41.67,22.9,Clay Loam,Maize,62.45,34.27,31.09,25-10-2015
20.28,43.83,23.07,Sandy Loam,Maize,60.14,30.04,31.94,25-10-2015
20.01,46.65,22.89,Loam,Maize,62.76,30.32,30.73,25-10-2015
33.67,67.38,33.18,Sandy Loam,Maize,83.81,45.35,39.49,MOP
34.79,69.39,31.47,Clay Loam,Maize,89.63,45.89,37.95,MOP
22.98,68.98,40.2,Clay,Maize,20.75,18.89,22.26,25-10-2015
24.97,51.02,25.16,Loam,Maize,70.6,39.41,34.72,Urea
23.55,45.37,21.14,Clay Loam,Maize,66.44,34.1,31.3,25-10-2015
33.92,63.95,34.03,Sandy Loam,Maize,86.11,47.45,37.75,MOP
22.88,45.41,22.19,Loam,Maize,61.93,32.14,31.33,25-10-2015
27.22,54.39,27.5,Sandy Loam,Maize,72.18,35.54,33.5,Urea
25.75,49.26,26.81,Clay Loam,Maize,75,37.44,33.88,Urea
30.29,55.58,30.12,Clay Loam,Maize,82.09,44.54,36.04,DAP
24.13,52.35,24.9,Sandy Loam,Maize,71.75,37.38,33.53,Urea
31.49,65.91,34.66,Loam,Maize,85.87,46.27,37.68,MOP
21.78,44.58,20.62,Clay Loam,Maize,61.32,32.1,30.06,25-10-2015
16.22,83.37,26.73,Clay,Maize,-8.66,24.15,44.54,25-10-2015
24.26,49.14,24.64,Sandy Loam,Maize,73.64,35.34,33.65,Urea
31.78,63.07,32.97,Sandy Loam,Maize,86.99,49.01,39.08,MOP
26.05,50.59,24.52,Sandy Loam,Maize,72.94,39.7,33.08,Urea
36.82,89.65,48.32,Loam,Maize,5.21,34.41,21.41,25-10-2015
34.26,64.26,33.97,Loam,Maize,82.72,48.56,38.45,MOP
24.01,77.3,13.37,Sandy Loam,Maize,-2.96,26.02,16.93,DAP
34.23,68.56,34,Sandy Loam,Maize,86.61,45.94,37.5,MOP
24.81,33.41,49.4,Clay,Maize,14.14,12.09,28.3,Urea
28.79,58.56,28.8,Clay Loam,Maize,77.34,43.43,36.73,DAP
27.59,37.04,11.02,Sandy Loam,Maize,-8.02,5.13,21.38,DAP
29.26,61.53,30.01,Loam,Maize,77.22,40.82,36.61,DAP
33.88,53.58,33.07,Clay,Maize,28.23,16.42,22.13,MOP
23.71,43.43,21.67,Loam,Maize,65.04,30.57,30.4,25-10-2015
28.45,58.01,30.98,Sandy Loam,Maize,81.65,40.83,36.54,DAP
21.62,44.99,20.65,Loam,Maize,61.87,30.92,30.16,25-10-2015
26.84,51.96,24.83,Loam,Maize,74.79,35.5,34.21,Urea
34.2,74.65,24.89,Clay Loam,Maize,8.31,21.28,41.91,Urea
16.19,68.36,39.46,Clay Loam,Maize,7.23,21.04,40.02,Urea
27.34,42.9,32.1,Loam,Maize,7.34,25.78,39.23,MOP
29.9,63.51,10.51,Sandy Loam,Maize,8.87,33.15,40.94,Urea
26.98,54.2,27.2,Sandy Loam,Maize,68.53,37.06,34.17,Urea
24.87,56.13,49.91,Clay,Maize,19.55,16.89,32.87,25-10-2015
30.07,61.28,29.53,Sandy Loam,Maize,78.47,44.17,37.28,DAP
34.89,68.1,33.63,Loam,Maize,82.93,46.72,39.66,MOP
29.32,58.72,30.86,Sandy Loam,Maize,77.73,44.67,35.99,DAP
30.3,56.86,27.59,Clay Loam,Maize,80.51,42.19,36.2,DAP
31,61.04,27.58,Loam,Maize,82.45,42.95,35.28,DAP
21.67,44.97,22.73,Sandy Loam,Maize,64.57,30.29,32.15,25-10-2015
26.53,50.84,24.59,Sandy Loam,Maize,68.31,39.94,34.46,Urea
21.87,40.98,21.26,Sandy Loam,Maize,65.59,30.68,31.38,25-10-2015
22.38,74.95,16,Clay Loam,Maize,-4.55,14.33,33.3,25-10-2015
30.54,61.77,30.56,Clay Loam,Maize,77.41,41.45,35.18,DAP
21.31,84.01,24.86,Clay,Maize,-2.44,33.47,31.21,Urea
20.1,42.55,21.72,Loam,Maize,66.82,31.35,32.32,25-10-2015
25.18,50.22,26.34,Loam,Maize,71.82,38.74,34.43,Urea
25.04,54.54,26.17,Loam,Maize,68.63,36.45,33.28,Urea
27.5,56.27,28.12,Clay Loam,Maize,80.85,43.03,36.75,DAP
31.86,69.06,34.8,Sandy Loam,Maize,89.59,48.48,38.26,MOP
33.47,68.61,34.75,Sandy Loam,Maize,86.07,46.18,38.96,MOP
38.96,57.14,41.49,Clay Loam,Maize,20.03,24.4,30.39,Urea
26.54,78.56,17.47,Sand,Maize,26.7,13.21,37.83,Urea
25.01,49.07,24.56,Sandy Loam,Maize,72.3,36.27,34.88,Urea
33.36,65.36,33.83,Sandy Loam,Maize,88.3,49.75,37.62,MOP
34.67,69.26,34.33,Sandy Loam,Maize,89.51,49.07,39.27,MOP
34.16,64.09,34.24,Sandy Loam,Maize,84.3,47.62,38.69,MOP
24.57,49.22,25.56,Loam,Maize,69.17,38.92,34.49,Urea
23.51,41.43,23.56,Clay Loam,Maize,61.8,31.55,30.12,25-10-2015
34.56,64.27,33.5,Clay Loam,Maize,83,48.76,37.94,MOP
28.1,56.33,29.71,Loam,Maize,75.83,40.83,37.26,DAP
20.04,41.04,23.13,Clay Loam,Maize,60.28,33.09,31.99,25-10-2015
23.25,44.5,20.34,Loam,Maize,66.99,31.59,31.39,25-10-2015
20.23,40.06,21.8,Loam,Maize,64.49,33.88,30.01,25-10-2015
24.82,54.06,26.81,Loam,Maize,73.95,38.44,34.05,Urea
21.3,46.23,21.08,Clay Loam,Maize,61.37,33.69,32.24,25-10-2015
23.46,41.8,21.47,Sandy Loam,Maize,66.4,32.3,31.72,25-10-2015
20.56,44.5,20.94,Sandy Loam,Maize,61.54,34.36,32.36,25-10-2015
32.48,65.22,31.94,Sandy Loam,Maize,87.54,45.49,39.4,MOP
29.41,56.01,28.13,Sandy Loam,Maize,80.88,40.74,36.17,DAP
17.56,39.34,38.84,Clay,Maize,16.16,12.94,21.27,DAP
33.03,68.23,32.32,Sandy Loam,Maize,82.56,49.25,38.11,MOP
27.58,86.6,30.79,Loam,Maize,7.91,6.15,17.22,25-10-2015
33.15,65.16,33.03,Sandy Loam,Maize,85.69,47.66,39.94,MOP
25.95,48.68,27.48,Sandy Loam,Maize,72.58,35.17,33.27,Urea
20.22,44.09,23.33,Sandy Loam,Maize,65.78,33.06,31.55,25-10-2015
16.38,37.51,46.12,Sand,Maize,-7.97,29.11,20.27,25-10-2015
24.58,48.55,26.93,Sandy Loam,Maize,73.04,38.57,34.3,Urea
32.02,64.11,33.23,Sandy Loam,Maize,83.88,48.96,37.54,MOP
23.9,48.73,26.63,Clay Loam,Maize,68.26,38.62,33.08,Urea
30.71,46.9,45.58,Sand,Maize,10.45,20.6,35.79,Urea
21.29,41.52,22.07,Clay Loam,Maize,60.64,32.16,30.22,25-10-2015
28.2,78.27,31.8,Loam,Maize,15.56,25.04,24.26,25-10-2015
13.7,50.75,22.46,Clay Loam,Potato,121.76,60.73,40.76,20-20-20
15.14,55.57,24.85,Sandy Loam,Potato,127.72,69.1,48.47,Urea
16.18,61.32,25.25,Sandy Loam,Potato,136.74,74.77,54.73,SSP
12.55,54.93,20.79,Clay Loam,Potato,123.99,64.69,41.7,20-20-20
16.84,60.63,26.56,Clay Loam,Potato,140.6,71.08,54.53,SSP
18.04,68.24,29.11,Loamy,Potato,146.96,79.4,58.72,MOP
18.68,68.19,28.99,Clay Loam,Potato,144.76,77.84,58.84,MOP
21.26,78.03,12.25,Clay,Potato,1.5,22.28,24.88,20-20-20
13.3,52.85,21.01,Sandy Loam,Potato,122.63,62.43,41.27,20-20-20
32.28,43.16,41.03,Sandy Loam,Potato,-5.92,6.19,44.45,MOP
25.41,40.48,47.83,Sand,Potato,-2.35,19.59,37.15,20-20-20
17.74,61.17,25.34,Sandy Loam,Potato,139.61,70.32,54.69,SSP
16.15,60.78,25.03,Clay Loam,Potato,135.43,70.91,50.5,SSP
14.66,59.08,24.64,Loamy,Potato,132.07,66.05,49.69,Urea
30.1,57.06,39.66,Sand,Potato,-9.28,34.64,15.25,MOP
13.27,53.96,21.06,Clay Loam,Potato,126.94,62.09,44.84,20-20-20
17.62,61.7,25.49,Sandy Loam,Potato,135.93,70.01,51.73,SSP
17.31,63.23,25.31,Clay Loam,Potato,141.72,72.1,52.92,SSP
12.49,54.72,21.79,Sandy Loam,Potato,121.4,60.83,44.22,20-20-20
18.98,67.76,29.19,Loamy,Potato,145.69,77.81,57.9,MOP
31.84,57.2,30.73,Clay Loam,Potato,7.37,10.83,39.21,SSP
16.14,63.08,25.44,Sandy Loam,Potato,137.03,71.82,54.62,SSP
13.05,52.46,21.08,Sandy Loam,Potato,124.99,62.91,40.28,20-20-20
16.85,62.77,26.8,Loamy,Potato,141.26,72.33,54.25,SSP
19.26,65.02,29.53,Clay Loam,Potato,149.69,75.72,56.93,MOP
19.77,68.05,27.81,Clay Loam,Potato,147.67,78.51,58.54,MOP
24.54,77.84,12.89,Sand,Potato,-9.08,16.36,28.19,MOP
12.1,51.37,21.66,Sandy Loam,Potato,126.07,60.19,44.65,20-20-20
15.16,56.33,22.75,Sandy Loam,Potato,134.95,69.82,49.9,Urea
13.95,50.74,20.87,Sandy Loam,Potato,122.07,61.79,41.43,20-20-20
17.5,62.93,27.41,Loamy,Potato,140.51,74.85,53.7,SSP
18.04,67.28,28.56,Clay Loam,Potato,147.8,76.19,58.12,MOP
12.35,53.25,20.15,Clay Loam,Potato,125.38,60.74,41.6,20-20-20
18.23,66.69,29,Clay Loam,Potato,148.15,79.7,55.99,MOP
17.15,60.94,27.14,Clay Loam,Potato,142.31,72.47,52.83,SSP
15.15,80.32,24.19,Clay,Potato,-9.28,31.03,38.09,MOP
16.07,62.67,25.03,Loamy,Potato,136.93,70.43,50.83,SSP
14.58,59.82,24.61,Sandy Loam,Potato,133.65,69.81,48.11,Urea
12.3,53.78,22.13,Loamy,Potato,125.99,62,43.54,20-20-20
18.52,69.1,28.02,Clay Loam,Potato,143.87,76.03,58.04,MOP
17.1,61.05,26.97,Loamy,Potato,140.74,74.96,52.38,SSP
14.53,58.19,24.72,Sandy Loam,Potato,129.46,68.95,49.52,Urea
35.1,70.53,30.44,Clay,Potato,18.02,27.48,20.06,Urea
13.93,53.6,21.65,Sandy Loam,Potato,120.78,63.06,41.94,20-20-20
16.08,62.85,26.12,Sandy Loam,Potato,135.35,71.95,51.45,SSP
18.15,66.49,28.3,Sandy Loam,Potato,147.08,79.33,55.12,MOP
12.65,54.01,20.32,Loamy,Potato,121.61,63.76,41.86,20-20-20
14.95,59.14,23.21,Clay Loam,Potato,130.6,66.23,48.29,Urea
17.13,60.19,25.29,Sandy Loam,Potato,141.09,73.55,53.43,SSP
37.1,59.07,17.52,Sandy Loam,Potato,5.12,22.55,36.8,20-20-20
33.49,78.48,11.38,Clay,Potato,4.8,19.37,18.51,MOP
17.88,63.43,25.89,Loamy,Potato,135.42,74.29,50.23,SSP
19.73,68.1,27.88,Loamy,Potato,145.53,75.56,55.48,MOP
16.1,63.55,25.18,Sandy Loam,Potato,140.08,72.25,53.89,SSP
15.6,59.65,24.22,Sandy Loam,Potato,129.13,68.9,49.42,Urea
18.79,65.88,28.55,Loamy,Potato,145.38,78.9,58.94,MOP
14.54,59.34,23.97,Sandy Loam,Potato,133.85,65.14,48.18,Urea
12.4,50.33,20.97,Sandy Loam,Potato,125.03,60.92,42.9,20-20-20
15.18,58.2,24.32,Sandy Loam,Potato,132.01,68.1,46.37,Urea
13.6,54.72,21.16,Clay Loam,Potato,120.03,64.19,44.61,20-20-20
14.66,58.28,24.75,Sandy Loam,Potato,134.53,66.7,49.75,Urea
18.84,67.93,27.9,Loamy,Potato,145.39,77.27,57.42,MOP
15.03,55.27,23.42,Sandy Loam,Potato,132.34,67.72,48.43,Urea
14.83,56.04,23.6,Loamy,Potato,129.81,66.44,49.98,Urea
15.86,59.6,23.86,Loamy,Potato,128.69,65.55,46.63,Urea
15.83,76.75,26.81,Clay,Potato,19.21,17.77,43.26,MOP
18.05,66.2,28.4,Loamy,Potato,147.99,78.83,58.43,MOP
16.1,65.33,31.24,Sand,Potato,-7.54,10.35,27.94,SSP
13.63,51.2,21.68,Sandy Loam,Potato,120.78,62.56,41.31,20-20-20
17.53,64.9,25.53,Clay Loam,Potato,137.4,73.03,50.56,SSP
12.8,54.54,21.49,Loamy,Potato,126.07,63.13,44.03,20-20-20
13.8,53.66,20.97,Loamy,Potato,124.8,64.26,40.56,20-20-20
18.41,67.8,27.94,Loamy,Potato,145.17,78.05,57.62,MOP
16.07,63.81,42.84,Clay,Potato,27.86,21.69,16.83,SSP
15.93,56.31,24.24,Sandy Loam,Potato,132.54,68.37,48.22,Urea
15.94,59.5,23.76,Clay Loam,Potato,132.37,67.3,47.75,Urea
15.16,58.47,24.5,Sandy Loam,Potato,129.02,67.9,49.08,Urea
14.81,56.06,24.65,Clay Loam,Potato,131.95,69.34,49.5,Urea
19.37,65.4,29.6,Clay Loam,Potato,148.65,77.36,55.29,MOP
18.81,66.7,27.74,Sandy Loam,Potato,146.98,78.66,55.24,MOP
29.88,48.66,28.82,Clay Loam,Potato,-1.89,24.34,44.56,SSP
18.07,69.71,27.71,Sandy Loam,Potato,148.05,77,59.62,MOP
17.31,63.11,26.74,Sandy Loam,Potato,138.03,73.12,50.14,SSP
18.36,65.32,29.04,Clay Loam,Potato,147.31,78.37,55.36,MOP
19.58,67.35,29.21,Sandy Loam,Potato,143.67,77.37,57.8,MOP
35.88,74.72,49.46,Clay Loam,Potato,-2.25,28.97,37.49,SSP
16.69,64.98,25.11,Loamy,Potato,142.24,71.3,50.23,SSP
12.81,50.82,21.4,Clay Loam,Potato,121.66,62.3,41.24,20-20-20
18.61,67,28.61,Loamy,Potato,149.66,78.54,56.77,MOP
15.63,57.43,23.95,Loamy,Potato,130.14,66.88,45.54,Urea
25.16,83.19,48.32,Clay,Potato,27.22,12.55,43.87,SSP
19.31,66.56,27.84,Clay Loam,Potato,142.96,79.5,58.07,MOP
23.88,56.53,29.96,Clay,Potato,5.52,12.03,39.69,Urea
18.07,69.24,28.08,Sandy Loam,Potato,146.33,75.2,56.96,MOP
15.76,56.42,24.97,Sandy Loam,Potato,133.81,67.25,46.16,Urea
19.09,65.56,29.39,Sandy Loam,Potato,143.27,79.56,58.11,MOP
24.69,30.2,13.03,Clay Loam,Potato,15.26,29.54,36.88,MOP
15.94,59.63,23.04,Clay Loam,Potato,129.94,67.64,45.62,Urea
18.98,66.15,27.57,Sandy Loam,Potato,143.3,75.7,55.99,MOP
17.71,62.67,25.91,Clay Loam,Potato,141.69,71.13,50.55,SSP
13.12,54.98,21.87,Loamy,Potato,126.91,64.82,41.4,20-20-20
15.79,80.88,41.02,Clay,Potato,23.3,12.09,24.78,MOP
19.78,66.56,28.46,Clay Loam,Potato,149.76,78.28,57.82,MOP
18.36,65.93,27.57,Clay Loam,Potato,147.76,79.8,58.81,MOP
17.88,60.61,27.39,Clay Loam,Potato,139.98,70.53,54.84,SSP
13.7,51.59,20.86,Loamy,Potato,123.01,61.95,40.75,20-20-20
12.73,50.43,22.19,Sandy Loam,Potato,127.28,60.4,41.98,20-20-20
16.67,61.03,26.14,Sandy Loam,Potato,139.08,72.6,54.88,SSP
31.78,65.82,10.76,Sand,Potato,-2.58,9.1,33.83,20-20-20
12.1,54.93,20.26,Sandy Loam,Potato,125.6,60.16,44.64,20-20-20
15.85,59.67,23.23,Sandy Loam,Potato,127.71,68.55,45.78,Urea
15.24,56.01,23.6,Clay Loam,Potato,131.92,66.89,49.78,Urea
16.95,45.84,41.97,Sandy Loam,Potato,7.81,29.79,16.56,20-20-20
19.82,65.87,28.1,Sandy Loam,Potato,145.22,79.21,59.68,MOP
12.94,54.8,21.35,Loamy,Potato,121.32,62.14,41.65,20-20-20
12.31,54.03,21.03,Loamy,Potato,127.13,63.21,42.07,20-20-20
31.97,84.16,21.84,Sand,Potato,18.12,13.01,15.85,Urea
23.8,70.91,31.01,Loamy,Potato,13.08,34.52,21.18,SSP
15.13,55.48,23.8,Sandy Loam,Potato,134.44,68.29,47.93,Urea
27.63,86.71,10.68,Clay Loam,Potato,6.55,25.16,16.69,20-20-20
18.56,65.02,29.61,Loamy,Potato,146.38,75.58,56.89,MOP
14.92,55.79,24.06,Loamy,Potato,134.13,68.72,49.5,Urea
12.11,50.99,21,Clay Loam,Potato,125.37,61.41,42.95,20-20-20
38.23,64.87,36.03,Clay,Potato,12.15,22.24,29.37,MOP
16.99,64.66,27.49,Loamy,Potato,140.24,70.7,51.99,SSP
37.5,82.9,40.72,Sandy Loam,Potato,21.62,6.96,28.1,SSP
13.35,53.91,21.37,Loamy,Potato,127.28,61.42,43.76,20-20-20
15.03,59.97,24.85,Clay Loam,Potato,128.49,68.2,46.75,Urea
13.23,53.31,21.4,Clay Loam,Potato,123.51,61.74,42.72,20-20-20
36.29,73.88,42.39,Clay,Potato,18.3,34.8,27.21,Urea
18.8,66.38,29.4,Clay Loam,Potato,149.45,75.58,57.68,MOP
17.59,61.73,26.63,Sandy Loam,Potato,141.56,71.66,54.05,SSP
16.51,64.41,25.46,Loamy,Potato,142.05,71.61,51.07,SSP
32.67,55,14.87,Clay Loam,Potato,29.29,7.88,15.15,Urea
17.39,62.9,26.82,Loamy,Potato,140.05,72.17,53.73,SSP
17.22,62.49,27.17,Clay Loam,Potato,139.02,72.29,54.76,SSP
15.66,58.15,24.45,Clay Loam,Potato,132.75,68.74,45.26,Urea
18.15,68.09,28.16,Sandy Loam,Potato,143.41,77.99,59.17,MOP
14.49,55.37,23.05,Clay Loam,Potato,129.02,67.51,46.37,Urea
19.83,68.39,29.85,Clay Loam,Potato,145.72,78.59,56.26,MOP
37.64,66.17,21.39,Clay Loam,Potato,-0.4,32.47,44.68,MOP
17.02,60.67,26.99,Clay Loam,Potato,141.17,71.74,50.62,SSP
35.97,68.43,43.38,Clay Loam,Potato,-3.19,17.46,44.21,MOP
16.85,62.58,26.6,Loamy,Potato,140.68,74.05,50.07,SSP
14.09,58.44,23.36,Loamy,Potato,134.84,67.59,49.88,Urea
17.74,61.8,25.25,Loamy,Potato,138.48,74.86,54.55,SSP
24.14,77.28,49.71,Sand,Potato,27.87,7.89,35.53,MOP
13.37,51.72,21.84,Clay Loam,Potato,122.85,62.08,41.26,20-20-20
13.93,52.85,21.85,Clay Loam,Potato,120.36,62.61,43.51,20-20-20
13.15,50.48,20.22,Sandy Loam,Potato,122.84,61.9,41.13,20-20-20
18.25,67.45,27.5,Clay Loam,Potato,145.25,77.93,59.35,MOP
30.79,41.66,25.47,Sandy Loam,Potato,0.09,26.8,15.38,SSP
13.82,51.08,20.68,Loamy,Potato,126.51,63.46,42.9,20-20-20
13.32,50.84,20.62,Sandy Loam,Potato,125.3,63.69,43.25,20-20-20
18.52,68.52,29.69,Loamy,Potato,148.04,76.24,57.12,MOP
15.14,59.12,24.69,Loamy,Potato,129.6,69.52,45.49,Urea
14.09,58.33,23.71,Loamy,Potato,128.39,68.73,47.44,Urea
13.6,54.58,20.66,Clay Loam,Potato,121.01,60.17,43.68,20-20-20
18.96,65.89,29.13,Sandy Loam,Potato,147.48,77.44,57.15,MOP
24.11,36.35,32.94,Loamy,Potato,13.74,9.44,35.36,MOP
17.4,60.03,27.19,Sandy Loam,Potato,140.44,73.21,53.59,SSP
17.34,80.86,46.24,Clay,Potato,-0.46,19.68,43.48,MOP
15.47,59.21,23.32,Loamy,Potato,128.21,69.54,46.61,Urea
14.16,55.9,22.76,Sandy Loam,Potato,133.95,65.82,48.24,Urea
19.98,66.22,29.88,Loamy,Potato,147.39,77.99,58.04,MOP
19.86,67.4,28.1,Loamy,Potato,145.32,76.8,57.98,MOP
12.77,51.82,22.21,Loamy,Potato,123.96,62.08,42.99,20-20-20
19.87,65.99,29.97,Sandy Loam,Potato,144.5,77.38,56.48,MOP
13.82,51.9,21.76,Loamy,Potato,122.28,64.63,41.97,20-20-20
19.81,67.27,27.8,Clay Loam,Potato,148.67,77.28,56.97,MOP
14.04,59.33,24.71,Loamy,Potato,130.09,66.91,46.13,Urea
15.42,55.18,22.54,Loamy,Potato,129.6,66.75,45.1,Urea
19.69,66.17,29.4,Sandy Loam,Potato,144.6,77.5,58.42,MOP
12.35,52.04,20.56,Sandy Loam,Potato,120.69,63.88,44.93,20-20-20
18.95,68.91,28.16,Loamy,Potato,145.19,79.21,58.54,MOP
39.15,33.34,27.52,Loamy,Potato,-0.54,33.68,18.41,20-20-20
14.84,55.07,23.09,Clay Loam,Potato,133.18,68.42,46.28,Urea
14.82,57.13,23.46,Sandy Loam,Potato,132.28,69.61,49.49,Urea
16.33,63.98,25.4,Clay Loam,Potato,136.75,74.85,52.18,SSP
18.22,67.26,27.57,Clay Loam,Potato,143.62,76.3,57.91,MOP
18.15,65.37,29.82,Sandy Loam,Potato,149.07,77.84,58.1,MOP
29.13,30.63,29.85,Sandy Loam,Potato,1.35,27.08,21.71,20-20-20
15.33,58.47,23.13,Clay Loam,Potato,132,68.07,49.04,Urea
18.9,68.58,28.91,Clay Loam,Potato,144.74,78.63,58.17,MOP
19.36,86.34,27.2,Sand,Potato,19.29,5.99,26.51,Urea
17.47,64.01,26.7,Clay Loam,Potato,137.75,72.24,51.84,SSP
18.28,66.18,29.35,Sandy Loam,Potato,149.31,75.36,59.74,MOP
13.65,52.96,20.47,Clay Loam,Potato,120.87,62.13,41.53,20-20-20
35.24,77.25,47.84,Clay,Potato,10.79,33.31,15.8,20-20-20
12.91,50.92,21.77,Sandy Loam,Potato,126.48,63.27,41.07,20-20-20
12.41,54.48,21.62,Clay Loam,Potato,127.19,63.62,40.72,20-20-20
18.14,69.75,28.56,Sandy Loam,Potato,143.73,78.84,55.61,MOP
17.48,60.57,26.28,Sandy Loam,Potato,137.48,72.21,53.68,SSP
17.07,63.64,26.55,Clay Loam,Potato,140.15,70.45,52.15,SSP
30.24,85.37,18.18,Loamy,Potato,-8.61,20.05,16.4,MOP
19.58,68.44,27.97,Clay Loam,Potato,143.02,76.65,59.76,MOP
32.71,89.31,49.14,Loamy,Potato,-6.26,19.46,34.91,MOP
15.46,57.58,22.57,Sandy Loam,Potato,131.56,66.85,47.58,Urea
19.13,66.21,29.04,Loamy,Potato,148.92,78.67,55.11,MOP
19.78,66.09,28.4,Clay Loam,Potato,149.59,79.7,59.73,MOP
17.87,64.51,26.55,Loamy,Potato,139.39,74.22,50.54,SSP
18.69,66.49,29.88,Loamy,Potato,145.95,75.33,56.28,MOP
19.28,65.48,29.49,Clay Loam,Potato,148.82,77.72,56.53,MOP
21.48,88.28,13.66,Loamy,Potato,21.39,30.47,42.63,SSP
19.08,69.72,29.86,Sandy Loam,Potato,144.5,75.54,57.6,MOP
18.98,65.24,29.33,Clay Loam,Potato,147.95,76.26,56.44,MOP
28.8,63.89,44.85,Sandy Loam,Potato,25.27,27.45,17.52,SSP
18.18,67,27.71,Clay Loam,Potato,145.91,79.31,55.97,MOP
16.18,64.28,26.68,Clay Loam,Potato,135.84,70.22,52.73,SSP
15.71,56.54,23.75,Sandy Loam,Potato,134.02,66.56,46.43,Urea
28.37,34.42,12.16,Sand,Potato,26.04,19.46,35.84,20-20-20
17.43,64.23,26.38,Loamy,Potato,136.72,74.03,51.18,SSP
16.23,61.22,27.35,Clay Loam,Potato,135.76,74.67,50.56,SSP
12.61,50.97,21.46,Sandy Loam,Potato,121.17,64.41,41,20-20-20
16.14,61.37,26.19,Sandy Loam,Potato,135.7,74.05,50.83,SSP
16.61,60.96,25.84,Clay Loam,Potato,135.31,71.86,53.97,SSP
15.51,59.82,24.09,Clay Loam,Potato,134.21,67.12,48.43,Urea
13.65,54.27,21.46,Loamy,Potato,120.31,64.46,41.49,20-20-20
37.07,80.52,46.22,Sandy Loam,Potato,-0.9,15.18,29.72,20-20-20
14.85,55.25,23.21,Loamy,Potato,128.11,69.02,46.55,Urea
18.49,66.54,29.28,Sandy Loam,Potato,149.51,77.15,56.76,MOP
19.08,68.7,28.42,Clay Loam,Potato,146.05,75.44,55.5,MOP
12.01,52.73,21.85,Clay Loam,Potato,126.86,64.01,43.13,20-20-20
14.99,56.65,24.37,Clay Loam,Potato,134.67,69.94,45.04,Urea
15.98,57.77,24.35,Sandy Loam,Potato,132.23,68.14,45.09,Urea
39.44,32.21,24.23,Loamy,Potato,1.5,15.55,33.38,Urea
14.09,55.62,24.09,Clay Loam,Potato,130.41,67.7,46.51,Urea
12.94,52.05,20.38,Clay Loam,Potato,122,61.05,40.33,20-20-20
15.76,58.03,22.59,Loamy,Potato,134.57,68.64,49.49,Urea
26.22,49.41,23.17,Loamy,Potato,8.39,16.54,41.3,20-20-20
16.21,62.25,25.36,Loamy,Potato,139.76,71.7,50.93,SSP
15.26,31.22,16.92,Clay,Potato,18.25,30.07,39.35,20-20-20
12.22,54.56,21.13,Clay Loam,Potato,120.21,61.16,41.95,20-20-20
37.6,65.43,47.58,Loamy,Potato,11.56,24.04,38.78,20-20-20
37.36,75.98,23.63,Clay,Potato,23.94,10.79,16.91,MOP
16.76,63.93,26.22,Clay Loam,Potato,138.76,72.91,54.72,SSP
15.25,56.11,22.76,Loamy,Potato,131.35,68.59,45.2,Urea
14.59,57.95,23.93,Sandy Loam,Potato,130.03,67.59,48.19,Urea
15.51,59.67,24.44,Loamy,Potato,129.2,67.5,46.21,Urea
21.28,87.36,36.65,Clay Loam,Potato,11.29,29.08,35.05,Urea
17.4,36.38,11.3,Clay,Potato,2.12,24.58,39.92,Urea
17.58,60.85,25.74,Loamy,Potato,136.81,71.88,50.96,SSP
19.49,68.08,28.01,Loamy,Potato,148.06,79.96,55.53,MOP
13.13,51.93,21.94,Loamy,Potato,123.3,64.36,40.35,20-20-20
12.58,53.45,20.7,Loamy,Potato,122.02,62.27,44.54,20-20-20
14.22,59.73,23.03,Loamy,Potato,129.65,65.11,48.24,Urea
16.09,62.56,26.35,Loamy,Potato,135.55,74.75,50.99,SSP
16.46,64.92,27.16,Sandy Loam,Potato,135.25,71.73,54.99,SSP
16.8,62.93,27.1,Loamy,Potato,135.96,71,50.4,SSP
13.37,54.7,20.96,Loamy,Potato,125.86,62.13,41.89,20-20-20
12.15,51.06,22.49,Loamy,Potato,124.02,61.93,43.53,20-20-20
14.38,55.39,23.76,Loamy,Potato,131.73,68.59,47.69,Urea
19.14,68.12,27.88,Loamy,Potato,142.89,79.59,57.09,MOP
13.65,53.4,20.67,Loamy,Potato,124.02,63.28,42.07,20-20-20
21.61,32.79,48.37,Loamy,Potato,18.21,34.36,37.77,MOP
17.82,60.87,26.66,Loamy,Potato,141.82,72.67,53.09,SSP
14.29,58.67,24.23,Sandy Loam,Potato,134.44,68.27,48.42,Urea
17.17,61.39,26.37,Clay Loam,Potato,138.36,72.88,54.98,SSP
19.53,80.63,13.62,Sand,Potato,28.09,16.74,23.08,MOP
17.97,62.22,26.29,Loamy,Potato,141.95,72.61,50.07,SSP
19.01,65.82,29.02,Sandy Loam,Potato,148.06,79.52,58.4,MOP
14.75,57.14,23.3,Clay Loam,Potato,133.79,67.65,48.48,Urea
13.47,52.54,21.11,Loamy,Potato,122.13,60.87,43.96,20-20-20
17.37,60.27,25.56,Clay Loam,Potato,137.79,74.72,53.75,SSP
14.79,56.5,24.5,Sandy Loam,Potato,129.37,69.1,45.53,Urea
12.33,52.62,21.89,Clay Loam,Potato,126.61,61.44,40.93,20-20-20
13.94,51.82,20.56,Sandy Loam,Potato,123.74,63.26,43.7,20-20-20
17.36,60.38,27.44,Clay Loam,Potato,139.18,72.52,53.35,SSP
36.7,66.16,17.26,Sand,Potato,22.92,11.05,29.84,SSP
13.7,52.77,20.73,Loamy,Potato,120.64,61.77,41.83,20-20-20
17.4,61.96,27.01,Sandy Loam,Potato,140.26,72.91,50.04,SSP
12.97,54.89,22.33,Sandy Loam,Potato,124.31,60.78,40.71,20-20-20
16.65,61.05,25.06,Clay Loam,Potato,137.49,72.16,50.05,SSP
14.85,55.3,23.05,Sandy Loam,Potato,133.21,69.63,48.7,Urea
16.48,60.12,25.5,Loamy,Potato,136.68,74.22,54.26,SSP
17.18,62.86,26.68,Sandy Loam,Potato,140.32,70.94,53.32,SSP
12.56,51.77,21.56,Clay Loam,Potato,121.13,64.15,42.47,20-20-20
12.22,52.37,20.72,Sandy Loam,Potato,122.69,62.68,40.12,20-20-20
17.04,63.05,25.79,Clay Loam,Potato,140.79,73.85,50.57,SSP
13.32,53.65,22.16,Sandy Loam,Potato,121.75,62.01,40.53,20-20-20
13.41,51.65,21.33,Sandy Loam,Potato,126.54,61.33,44.51,20-20-20
15.07,58.71,23.73,Loamy,Potato,134.69,69.88,46.63,Urea
36.73,85.14,39.76,Loamy,Potato,18.11,30.39,26.97,MOP
32.16,61.23,42.15,Clay Loam,Potato,17.41,16.1,27.92,20-20-20
29.16,38.4,38.23,Clay,Potato,-8.81,8.7,35.55,20-20-20
19.03,68.97,28.82,Clay Loam,Potato,145.71,79.08,55.06,MOP
17.04,62.96,26.94,Loamy,Potato,139.17,71.46,51.46,SSP
17.44,64.3,26.12,Loamy,Potato,139.24,71.41,51.37,SSP
17.58,61.28,25.56,Clay Loam,Potato,137.24,70.35,52.75,SSP
12.53,54.31,21.68,Sandy Loam,Potato,125.61,63.37,40.83,20-20-20
14.49,58.61,24.74,Clay Loam,Potato,133.51,69.13,49.07,Urea
13.92,53.94,20.49,Loamy,Potato,122.18,64.51,41.75,20-20-20
32.9,69.04,33.26,Loamy,Potato,-4.96,31.54,21.48,MOP
15.45,56.21,22.72,Loamy,Potato,131,69.22,46.65,Urea
29.06,70.42,27.78,Clay,Potato,24,14.26,33.93,20-20-20
18.16,68.21,28.18,Sandy Loam,Potato,148.47,78.77,55.78,MOP
15.82,55.71,23.75,Clay Loam,Potato,129.86,67.25,46.51,Urea
14.12,56.09,23.63,Sandy Loam,Potato,132.54,65.31,47.78,Urea
33.84,73.1,19.57,Clay Loam,Potato,28.71,25.02,40.06,Urea
14.35,57.87,24.13,Clay Loam,Potato,129.32,69.31,47.59,Urea
26.5,65.3,28.7,Loamy,Grapes,95.4,85.2,70.6,SSP
28.1,62.4,31.2,Sandy Loam,Grapes,88.7,90.1,72.3,Urea
27.4,66.9,29.8,Clay Loam,Grapes,92.3,87.4,69.8,MOP
29,63.5,32.1,Loamy,Grapes,98.6,91.2,74.9,20-20-20
25.8,68,27.9,Clay Loam,Grapes,90.1,88.9,71.2,DAP
30.2,70.4,35.1,Sandy Loam,Orange,110.3,60.5,50.2,SSP
28.9,68.3,33.8,Loamy,Orange,105.7,63.9,52.7,MOP
31.5,72,36.2,Clay Loam,Orange,112.9,65.3,54.1,20-20-20
29.8,69.5,34.6,Clay,Orange,108.4,62.7,51.9,Urea
32.1,71.8,37.5,Sandy Loam,Orange,115.2,67.5,55.8,DAP
27.6,75.1,40.3,Loamy,Pepper,125.4,68.9,58.3,MOP
26.8,72.5,38.7,Clay Loam,Pepper,120.7,65.4,55.1,SSP
28.3,76.2,41.5,Sandy Loam,Pepper,130.9,70.2,60.4,DAP
27.1,74.3,39.8,Clay Loam,Pepper,122.5,67.3,57.2,Urea
29,78.1,42.6,Loamy,Pepper,128.6,72.1,61.5,20-20-20
